,Unnamed: 0,X_Value,Loadcell5k,PRESSURE_ENGINE,PRESSURE_FUEL,PRESSURE_FUEL_DOME,PRESSURE_LOX,PRESSURE_LOX_DOME,THERMO_FUEL,THERMO_LOX,Loadcell5k 1
160,160,1.6,62.152640000000005,-1.9220400000000002,-1.297962,8.333571000000001,-1.7182,0.6881,29.895145,34.151782,inf
161,161,1.61,-37.57881,-1.9220400000000002,-1.297962,8.333571000000001,-1.7182,0.6881,28.724709999999998,34.151782,
162,162,1.62,22.26006,-1.9220400000000002,-0.090931,8.333571000000001,-1.7182,0.6881,29.192884000000003,36.737134000000005,inf
163,163,1.63,42.20635,-1.9220400000000002,-1.297962,8.333571000000001,-1.7182,0.6881,28.958796999999997,36.413965000000005,inf
164,164,1.64,171.85723,-1.9220400000000002,-1.297962,8.333571000000001,-1.7182,0.6881,30.129231,36.413965000000005,inf
165,165,1.65,131.96465,-1.9220400000000002,-0.090931,8.333571000000001,-1.7182,0.6881,29.661058,37.383472,inf
166,166,1.66,-87.44453,-4.41496,-1.297962,8.333571000000001,-1.7182,0.6881,28.256535999999997,34.798120000000004,
167,167,1.67,22.26006,-1.9220400000000002,-0.090931,8.333571000000001,-1.7182,0.6881,29.895145,32.859106,inf
168,168,1.68,12.286909999999999,-1.9220400000000002,-1.297962,8.333571000000001,-1.7182,0.6881,29.895145,38.02981,inf
169,169,1.69,42.20635,-1.9220400000000002,-1.297962,8.333571000000001,-1.7182,0.6881,28.958796999999997,36.090796000000005,inf
170,170,1.7,181.83037,-1.9220400000000002,-1.297962,8.333571000000001,-1.7182,0.6881,29.661058,33.828613,inf
171,171,1.71,42.20635,-1.9220400000000002,-1.297962,10.773635,-1.7182,0.6881,28.724709999999998,33.182275,inf
172,172,1.72,-7.65937,-4.41496,-1.297962,8.333571000000001,-1.7182,0.6881,27.320188,35.121289000000004,
173,173,1.73,2.31377,-1.9220400000000002,-0.090931,8.333571000000001,-1.7182,0.6881,28.958796999999997,34.151782,inf
174,174,1.74,62.152640000000005,-1.9220400000000002,-1.297962,8.333571000000001,-1.7182,0.6881,28.958796999999997,33.828613,inf
175,175,1.75,211.7498,-1.9220400000000002,-1.297962,8.333571000000001,-1.7182,0.6881,26.852015,34.798120000000004,inf
176,176,1.76,-67.49824000000001,-1.9220400000000002,-1.297962,8.333571000000001,-1.7182,0.6881,29.661058,34.151782,
177,177,1.77,22.26006,-1.9220400000000002,-1.297962,8.333571000000001,-1.7182,0.6881,28.724709999999998,34.151782,inf
178,178,1.78,-17.63252,-1.9220400000000002,-1.297962,8.333571000000001,-1.7182,0.6881,28.724709999999998,34.474951000000004,
179,179,1.79,82.09893,-1.9220400000000002,-1.297962,8.333571000000001,-1.7182,0.6881,28.022448999999998,35.121289000000004,inf
180,180,1.8,211.7498,-1.9220400000000002,-1.297962,8.333571000000001,-1.7182,0.6881,27.086102,34.151782,inf
181,181,1.81,-47.55195,-1.9220400000000002,-1.297962,8.333571000000001,-0.59967,0.6881,28.724709999999998,32.212769,
182,182,1.82,42.20635,-1.9220400000000002,-1.297962,8.333571000000001,-0.59967,0.6881,29.661058,34.798120000000004,inf
183,183,1.83,-57.5251,-1.9220400000000002,-1.297962,8.333571000000001,-1.7182,0.6881,28.022448999999998,34.151782,
184,184,1.84,141.93779,-1.9220400000000002,-1.297962,8.333571000000001,-2.8367299999999998,-0.543809,29.192884000000003,33.505444,inf
185,185,1.85,151.91093999999998,-1.9220400000000002,-1.297962,8.333571000000001,-1.7182,0.6881,29.661058,34.474951000000004,inf
186,186,1.86,-77.47139,-1.9220400000000002,-1.297962,8.333571000000001,-1.7182,0.6881,31.065579,32.859106,
187,187,1.87,32.233200000000004,-1.9220400000000002,-1.297962,8.333571000000001,-1.7182,0.6881,28.724709999999998,34.474951000000004,inf
188,188,1.88,82.09893,-4.41496,-1.297962,8.333571000000001,-1.7182,0.6881,28.256535999999997,33.828613,inf
189,189,1.89,211.7498,-1.9220400000000002,-0.090931,8.333571000000001,-1.7182,0.6881,28.022448999999998,32.212769,inf
190,190,1.9,-27.60566,-4.41496,-0.090931,8.333571000000001,-1.7182,0.6881,28.724709999999998,34.798120000000004,
191,191,1.91,22.26006,-1.9220400000000002,-1.297962,8.333571000000001,-1.7182,0.6881,29.661058,33.828613,inf
192,192,1.92,-37.57881,-1.9220400000000002,-1.297962,8.333571000000001,-1.7182,0.6881,28.724709999999998,34.151782,
193,193,1.93,121.9915,-1.9220400000000002,-1.297962,5.893508,-1.7182,0.6881,28.724709999999998,33.828613,inf
194,194,1.94,161.88407999999998,-1.9220400000000002,-1.297962,8.333571000000001,-1.7182,0.6881,27.320188,34.151782,inf
195,195,1.95,-87.44453,-1.9220400000000002,-1.297962,8.333571000000001,-1.7182,0.6881,28.490623,35.767627000000005,
196,196,1.96,42.20635,-1.9220400000000002,-0.090931,8.333571000000001,-1.7182,0.6881,28.958796999999997,36.090796000000005,inf
197,197,1.97,42.20635,-1.9220400000000002,-1.297962,8.333571000000001,-1.7182,0.6881,29.661058,34.151782,inf
198,198,1.98,211.7498,-1.9220400000000002,-1.297962,8.333571000000001,-1.7182,0.6881,28.256535999999997,33.505444,inf
199,199,1.99,-67.49824000000001,-4.41496,-1.297962,8.333571000000001,-1.7182,0.6881,27.554275,33.828613,
200,200,2.0,52.17949,-1.9220400000000002,-0.090931,8.333571000000001,-1.7182,0.6881,28.724709999999998,34.798120000000004,inf
201,201,2.01,-37.57881,-1.9220400000000002,-1.297962,8.333571000000001,-1.7182,0.6881,28.724709999999998,36.737134000000005,
202,202,2.02,141.93779,-1.9220400000000002,-1.297962,8.333571000000001,-1.7182,0.6881,29.192884000000003,33.828613,inf
203,203,2.03,161.88407999999998,-1.9220400000000002,-1.297962,8.333571000000001,-1.7182,0.6881,31.299666,34.474951000000004,inf
204,204,2.04,-97.41767999999999,-1.9220400000000002,-1.297962,8.333571000000001,-1.7182,0.6881,27.320188,35.121289000000004,
205,205,2.05,52.17949,-1.9220400000000002,-1.297962,8.333571000000001,-1.7182,0.6881,29.192884000000003,34.798120000000004,inf
206,206,2.06,12.286909999999999,-4.41496,-1.297962,8.333571000000001,-1.7182,0.6881,28.256535999999997,33.505444,inf
207,207,2.07,72.12577999999999,-1.9220400000000002,-1.297962,8.333571000000001,-1.7182,0.6881,29.426971,33.828613,inf
208,208,2.08,221.72295000000003,-1.9220400000000002,-1.297962,8.333571000000001,-1.7182,0.6881,28.958796999999997,33.828613,inf
209,209,2.09,-37.57881,-1.9220400000000002,-1.297962,8.333571000000001,-0.59967,0.6881,27.554275,34.798120000000004,
210,210,2.1,22.26006,-1.9220400000000002,-1.297962,8.333571000000001,-1.7182,0.6881,29.661058,35.121289000000004,inf
211,211,2.11,-7.65937,-1.9220400000000002,-1.297962,8.333571000000001,-1.7182,0.6881,27.086102,34.474951000000004,
212,212,2.12,121.9915,-1.9220400000000002,-1.297962,8.333571000000001,-1.7182,0.6881,28.022448999999998,36.090796000000005,inf
213,213,2.13,201.77666000000002,-1.9220400000000002,-1.297962,8.333571000000001,-1.7182,0.6881,29.192884000000003,34.151782,inf
214,214,2.14,-47.55195,-1.9220400000000002,-1.297962,8.333571000000001,-1.7182,0.6881,28.256535999999997,34.798120000000004,
215,215,2.15,82.09893,-1.9220400000000002,-1.297962,8.333571000000001,-1.7182,0.6881,30.129231,32.535938,inf
216,216,2.16,112.01836,-4.41496,-1.297962,8.333571000000001,-1.7182,0.6881,28.724709999999998,34.151782,inf
217,217,2.17,281.56182,-1.9220400000000002,-1.297962,8.333571000000001,-1.7182,0.6881,28.958796999999997,35.121289000000004,inf
218,218,2.18,22.26006,-1.9220400000000002,-1.297962,8.333571000000001,-1.7182,0.6881,27.554275,33.828613,inf
219,219,2.19,161.88407999999998,-1.9220400000000002,-1.297962,8.333571000000001,-1.7182,0.6881,26.852015,35.121289000000004,inf
220,220,2.2,161.88407999999998,-1.9220400000000002,-1.297962,8.333571000000001,-1.7182,0.6881,28.022448999999998,32.859106,inf
221,221,2.21,361.34696999999994,-1.9220400000000002,-1.297962,8.333571000000001,-2.8367299999999998,-0.543809,27.788362,34.798120000000004,inf
222,222,2.22,141.93779,-1.9220400000000002,-1.297962,8.333571000000001,-1.7182,0.6881,28.490623,34.474951000000004,inf
223,223,2.23,281.56182,-1.9220400000000002,-1.297962,8.333571000000001,-1.7182,0.6881,29.192884000000003,34.798120000000004,inf
224,224,2.24,291.53496,-1.9220400000000002,-1.297962,8.333571000000001,-1.7182,0.6881,28.022448999999998,35.767627000000005,inf
225,225,2.25,520.91729,-1.9220400000000002,-1.297962,8.333571000000001,-1.7182,0.6881,27.554275,35.444458000000004,inf
226,226,2.26,261.61553000000004,-1.9220400000000002,-1.297962,8.333571000000001,-1.7182,0.6881,29.895145,33.828613,inf
227,227,2.27,411.21270000000004,-1.9220400000000002,-1.297962,8.333571000000001,-1.7182,0.6881,29.895145,34.798120000000004,inf
228,228,2.28,411.21270000000004,-1.9220400000000002,-1.297962,8.333571000000001,-1.7182,0.6881,26.383840999999997,34.798120000000004,inf
229,229,2.29,570.78301,-1.9220400000000002,-1.297962,8.333571000000001,-1.7182,0.6881,29.426971,33.505444,inf
230,230,2.3,550.83672,-1.9220400000000002,-1.297962,8.333571000000001,-1.7182,0.6881,27.788362,34.474951000000004,inf
231,231,2.31,461.07842,-1.9220400000000002,-1.297962,8.333571000000001,-1.7182,0.6881,27.320188,34.474951000000004,inf
232,232,2.32,530.89043,-1.9220400000000002,-1.297962,8.333571000000001,-1.7182,0.6881,28.256535999999997,35.767627000000005,inf
233,233,2.33,660.5413100000001,-1.9220400000000002,-1.297962,8.333571000000001,-1.7182,0.6881,28.724709999999998,34.474951000000004,inf
234,234,2.34,810.13848,-1.9220400000000002,-1.297962,8.333571000000001,-1.7182,0.6881,27.788362,32.859106,inf
235,235,2.35,610.6755899999999,-1.9220400000000002,-1.297962,8.333571000000001,-1.7182,0.6881,28.022448999999998,32.535938,inf
236,236,2.36,610.6755899999999,-1.9220400000000002,-0.090931,8.333571000000001,-1.7182,0.6881,28.022448999999998,33.505444,inf
237,237,2.37,650.56816,-4.41496,-1.297962,8.333571000000001,-1.7182,0.6881,27.788362,34.474951000000004,inf
238,238,2.38,750.29961,-1.9220400000000002,-1.297962,8.333571000000001,-1.7182,0.6881,28.022448999999998,34.151782,inf
239,239,2.39,879.95049,-1.9220400000000002,-1.297962,8.333571000000001,-1.7182,0.6881,27.320188,35.121289000000004,inf
240,240,2.4,590.7293000000001,-1.9220400000000002,-1.297962,8.333571000000001,-1.7182,0.6881,28.022448999999998,33.505444,inf
241,241,2.41,740.32646,-4.41496,-1.297962,8.333571000000001,-1.7182,0.6881,28.724709999999998,35.767627000000005,inf
242,242,2.42,740.32646,-1.9220400000000002,-1.297962,5.893508,-1.7182,0.6881,27.320188,33.828613,inf
243,243,2.43,929.81621,-1.9220400000000002,-1.297962,8.333571000000001,-1.7182,-0.543809,27.086102,36.090796000000005,inf
244,244,2.44,630.62188,-4.41496,-1.297962,8.333571000000001,-0.59967,0.6881,28.724709999999998,34.151782,inf
245,245,2.45,750.29961,-1.9220400000000002,-0.090931,8.333571000000001,-1.7182,0.6881,28.256535999999997,36.090796000000005,inf
246,246,2.46,690.46074,-4.41496,-1.297962,8.333571000000001,-1.7182,0.6881,28.490623,33.182275,inf
247,247,2.47,860.0041999999999,-1.9220400000000002,-1.297962,8.333571000000001,-1.7182,0.6881,29.661058,36.090796000000005,inf
248,248,2.48,899.89678,-1.9220400000000002,-1.297962,8.333571000000001,-1.7182,0.6881,28.724709999999998,34.798120000000004,inf
249,249,2.49,670.51445,-1.9220400000000002,-1.297962,8.333571000000001,-1.7182,0.6881,29.426971,32.859106,inf
250,250,2.5,790.19219,-1.9220400000000002,-1.297962,8.333571000000001,-1.7182,0.6881,29.192884000000003,36.413965000000005,inf
251,251,2.51,810.13848,-1.9220400000000002,-1.297962,5.893508,-1.7182,0.6881,28.958796999999997,33.182275,inf
252,252,2.52,939.78936,-1.9220400000000002,-1.297962,8.333571000000001,-1.7182,0.6881,28.022448999999998,33.505444,inf
253,253,2.53,710.4070300000001,-1.9220400000000002,-0.090931,8.333571000000001,-1.7182,0.6881,28.958796999999997,34.798120000000004,inf
254,254,2.54,750.29961,-1.9220400000000002,-1.297962,8.333571000000001,-1.7182,0.6881,27.320188,35.767627000000005,inf
255,255,2.55,730.3533199999999,-1.9220400000000002,-1.297962,8.333571000000001,-1.7182,0.6881,28.958796999999997,33.828613,inf
256,256,2.56,850.03105,-1.9220400000000002,-1.297962,8.333571000000001,-1.7182,0.6881,28.490623,33.828613,inf
257,257,2.57,989.65508,-1.9220400000000002,-1.297962,8.333571000000001,-1.7182,0.6881,27.554275,34.798120000000004,inf
258,258,2.58,760.2727500000001,-1.9220400000000002,-1.297962,8.333571000000001,-1.7182,0.6881,28.490623,34.151782,inf
259,259,2.59,800.1653299999999,-1.9220400000000002,-1.297962,8.333571000000001,-1.7182,0.6881,27.320188,36.737134000000005,inf
260,260,2.6,740.32646,-1.9220400000000002,-1.297962,8.333571000000001,-1.7182,0.6881,28.958796999999997,36.413965000000005,inf
261,261,2.61,929.81621,-1.9220400000000002,-1.297962,8.333571000000001,-1.7182,0.6881,28.022448999999998,35.121289000000004,inf
262,262,2.62,790.19219,-1.9220400000000002,-0.090931,8.333571000000001,-1.7182,0.6881,28.724709999999998,34.151782,inf
263,263,2.63,770.2459,-1.9220400000000002,-1.297962,8.333571000000001,-1.7182,0.6881,29.426971,36.090796000000005,inf
264,264,2.64,790.19219,-1.9220400000000002,-0.090931,8.333571000000001,-1.7182,0.6881,29.895145,33.505444,inf
265,265,2.65,919.84307,-1.9220400000000002,-1.297962,8.333571000000001,-1.7182,0.6881,28.490623,34.151782,inf
266,266,2.66,1019.57451,-1.9220400000000002,-0.090931,8.333571000000001,-1.7182,0.6881,29.661058,34.798120000000004,inf
267,267,2.67,760.2727500000001,-1.9220400000000002,-1.297962,8.333571000000001,-1.7182,0.6881,28.256535999999997,34.474951000000004,inf
268,268,2.68,790.19219,-1.9220400000000002,-1.297962,8.333571000000001,-1.7182,0.6881,29.426971,34.474951000000004,inf
269,269,2.69,750.29961,-1.9220400000000002,-0.090931,8.333571000000001,-1.7182,0.6881,29.426971,33.828613,inf
270,270,2.7,830.0847699999999,-4.41496,-2.504994,8.333571000000001,-1.7182,0.6881,28.724709999999998,32.212769,inf
271,271,2.71,989.65508,-1.9220400000000002,-1.297962,8.333571000000001,-1.7182,0.6881,27.320188,34.151782,inf
272,272,2.72,770.2459,-1.9220400000000002,-1.297962,8.333571000000001,-1.7182,0.6881,28.490623,33.828613,inf
273,273,2.73,840.05791,-1.9220400000000002,-1.297962,8.333571000000001,-1.7182,0.6881,30.129231,34.151782,inf
274,274,2.74,840.05791,-1.9220400000000002,-0.090931,8.333571000000001,-1.7182,0.6881,30.831491999999997,33.505444,inf
275,275,2.75,909.86992,-4.41496,-1.297962,5.893508,-1.7182,0.6881,27.788362,32.212769,inf
276,276,2.76,999.62822,-1.9220400000000002,-1.297962,8.333571000000001,-1.7182,0.6881,29.661058,33.828613,inf
277,277,2.77,919.84307,-1.9220400000000002,-1.297962,8.333571000000001,-1.7182,0.6881,29.426971,33.828613,inf
278,278,2.78,740.32646,-1.9220400000000002,-1.297962,8.333571000000001,-1.7182,0.6881,29.426971,36.090796000000005,inf
279,279,2.79,810.13848,-1.9220400000000002,-1.297962,8.333571000000001,-1.7182,0.6881,29.426971,35.121289000000004,inf
280,280,2.8,879.95049,-1.9220400000000002,-1.297962,5.893508,-1.7182,0.6881,29.426971,34.151782,inf
281,281,2.81,1019.57451,-1.9220400000000002,-1.297962,8.333571000000001,-1.7182,0.6881,31.065579,34.798120000000004,inf
282,282,2.82,800.1653299999999,-1.9220400000000002,-1.297962,8.333571000000001,-1.7182,0.6881,28.490623,35.121289000000004,inf
283,283,2.83,850.03105,-1.9220400000000002,-1.297962,8.333571000000001,-1.7182,0.6881,29.661058,33.828613,inf
284,284,2.84,830.0847699999999,-4.41496,-1.297962,8.333571000000001,-1.7182,0.6881,27.554275,36.090796000000005,inf
285,285,2.85,860.0041999999999,-4.41496,-1.297962,8.333571000000001,-1.7182,0.6881,28.724709999999998,34.151782,inf
286,286,2.86,939.78936,-1.9220400000000002,-1.297962,8.333571000000001,-1.7182,0.6881,28.490623,37.060303000000005,inf
287,287,2.87,959.73564,-1.9220400000000002,-0.090931,8.333571000000001,-1.7182,0.6881,28.256535999999997,34.474951000000004,inf
288,288,2.88,690.46074,-4.41496,-1.297962,8.333571000000001,-1.7182,0.6881,28.490623,34.798120000000004,inf
289,289,2.89,830.0847699999999,-1.9220400000000002,-1.297962,8.333571000000001,-1.7182,0.6881,29.192884000000003,35.121289000000004,inf
290,290,2.9,750.29961,-1.9220400000000002,-1.297962,8.333571000000001,-1.7182,0.6881,29.192884000000003,34.474951000000004,inf
291,291,2.91,919.84307,-1.9220400000000002,-1.297962,8.333571000000001,-1.7182,0.6881,30.831491999999997,35.444458000000004,inf
292,292,2.92,969.7087900000001,-1.9220400000000002,-0.090931,8.333571000000001,-1.7182,0.6881,30.363318,34.151782,inf
293,293,2.93,690.46074,-1.9220400000000002,-1.297962,8.333571000000001,-1.7182,0.6881,28.490623,34.474951000000004,inf
294,294,2.94,810.13848,-1.9220400000000002,-1.297962,8.333571000000001,-1.7182,0.6881,29.426971,32.859106,inf
295,295,2.95,720.3801800000001,-4.41496,-1.297962,8.333571000000001,-1.7182,0.6881,29.192884000000003,35.444458000000004,inf
296,296,2.96,909.86992,-1.9220400000000002,-1.297962,8.333571000000001,-1.7182,0.6881,28.958796999999997,34.474951000000004,inf
297,297,2.97,879.95049,-1.9220400000000002,-0.090931,8.333571000000001,-1.7182,0.6881,28.256535999999997,35.767627000000005,inf
298,298,2.98,670.51445,-1.9220400000000002,-1.297962,8.333571000000001,-0.59967,0.6881,29.426971,35.767627000000005,inf
299,299,2.99,800.1653299999999,-1.9220400000000002,-1.297962,8.333571000000001,-1.7182,0.6881,28.256535999999997,33.505444,inf
300,300,3.0,760.2727500000001,-1.9220400000000002,-1.297962,8.333571000000001,-1.7182,0.6881,29.192884000000003,35.767627000000005,inf
301,301,3.01,800.1653299999999,-1.9220400000000002,-1.297962,8.333571000000001,-1.7182,0.6881,29.192884000000003,36.090796000000005,inf
302,302,3.02,949.7624999999999,-1.9220400000000002,-1.297962,8.333571000000001,-1.7182,0.6881,28.022448999999998,34.798120000000004,inf
303,303,3.03,860.0041999999999,-1.9220400000000002,-1.297962,8.333571000000001,-1.7182,0.6881,28.724709999999998,32.859106,inf
304,304,3.04,640.59502,-1.9220400000000002,-1.297962,8.333571000000001,-1.7182,0.6881,26.149754,35.444458000000004,inf
305,305,3.05,790.19219,-4.41496,-1.297962,8.333571000000001,-1.7182,0.6881,28.958796999999997,34.151782,inf
306,306,3.06,720.3801800000001,-1.9220400000000002,-1.297962,8.333571000000001,-1.7182,0.6881,27.086102,34.474951000000004,inf
307,307,3.07,899.89678,-1.9220400000000002,-1.297962,8.333571000000001,-1.7182,0.6881,28.022448999999998,33.505444,inf
308,308,3.08,959.73564,-1.9220400000000002,-0.090931,8.333571000000001,-1.7182,0.6881,30.597405,35.444458000000004,inf
309,309,3.09,700.43389,-1.9220400000000002,-0.090931,8.333571000000001,-1.7182,0.6881,30.597405,36.090796000000005,inf
310,310,3.1,810.13848,-1.9220400000000002,-1.297962,8.333571000000001,-1.7182,0.6881,29.426971,35.444458000000004,inf
311,311,3.11,730.3533199999999,-4.41496,-1.297962,8.333571000000001,-1.7182,0.6881,28.958796999999997,33.828613,inf
312,312,3.12,899.89678,-1.9220400000000002,-1.297962,8.333571000000001,-1.7182,0.6881,29.895145,33.182275,inf
313,313,3.13,969.7087900000001,-1.9220400000000002,-1.297962,8.333571000000001,-1.7182,0.6881,30.363318,34.798120000000004,inf
314,314,3.14,700.43389,-1.9220400000000002,-0.090931,8.333571000000001,-1.7182,0.6881,28.958796999999997,32.535938,inf
315,315,3.15,840.05791,-1.9220400000000002,-1.297962,8.333571000000001,-1.7182,0.6881,29.426971,33.505444,inf
316,316,3.16,820.11162,-1.9220400000000002,-0.090931,8.333571000000001,-1.7182,0.6881,29.661058,32.535938,inf
317,317,3.17,879.95049,-1.9220400000000002,-1.297962,5.893508,-1.7182,0.6881,27.554275,35.444458000000004,inf
318,318,3.18,989.65508,-1.9220400000000002,-1.297962,8.333571000000001,-1.7182,0.6881,29.661058,33.505444,inf
319,319,3.19,720.3801800000001,-1.9220400000000002,-0.090931,8.333571000000001,-1.7182,0.6881,29.426971,31.243261999999998,inf
320,320,3.2,830.0847699999999,-1.9220400000000002,-1.297962,8.333571000000001,-1.7182,0.6881,29.192884000000003,38.02981,inf
321,321,3.21,790.19219,-1.9220400000000002,-1.297962,8.333571000000001,-1.7182,0.6881,28.256535999999997,35.121289000000004,inf
322,322,3.22,939.78936,-1.9220400000000002,-1.297962,8.333571000000001,-2.8367299999999998,-0.543809,31.299666,37.060303000000005,inf
323,323,3.23,1019.57451,-1.9220400000000002,-1.297962,8.333571000000001,-1.7182,0.6881,29.895145,32.535938,inf
324,324,3.24,760.2727500000001,-4.41496,-1.297962,8.333571000000001,-1.7182,0.6881,28.490623,35.767627000000005,inf
325,325,3.25,850.03105,-1.9220400000000002,-0.090931,8.333571000000001,-1.7182,0.6881,29.192884000000003,34.798120000000004,inf
326,326,3.26,850.03105,-1.9220400000000002,-1.297962,8.333571000000001,-1.7182,0.6881,29.192884000000003,34.474951000000004,inf
327,327,3.27,850.03105,-4.41496,-1.297962,8.333571000000001,-1.7182,0.6881,28.490623,34.151782,inf
328,328,3.28,1019.57451,-1.9220400000000002,-1.297962,8.333571000000001,-1.7182,0.6881,28.256535999999997,34.474951000000004,inf
329,329,3.29,869.9773399999999,-1.9220400000000002,-1.297962,8.333571000000001,-1.7182,0.6881,28.256535999999997,34.474951000000004,inf
330,330,3.3,820.11162,-1.9220400000000002,-1.297962,8.333571000000001,-0.59967,0.6881,29.192884000000003,35.444458000000004,inf
331,331,3.31,889.92363,-1.9220400000000002,-1.297962,8.333571000000001,-1.7182,0.6881,28.022448999999998,35.444458000000004,inf
332,332,3.32,949.7624999999999,-4.41496,-1.297962,8.333571000000001,-1.7182,0.6881,29.192884000000003,34.798120000000004,inf
333,333,3.33,1069.44023,-1.9220400000000002,-1.297962,8.333571000000001,-1.7182,0.6881,29.661058,35.767627000000005,inf
334,334,3.34,800.1653299999999,-1.9220400000000002,-1.297962,8.333571000000001,-1.7182,0.6881,29.661058,33.505444,inf
335,335,3.35,869.9773399999999,-1.9220400000000002,-1.297962,8.333571000000001,-1.7182,0.6881,29.895145,33.828613,inf
336,336,3.36,790.19219,-4.41496,-1.297962,8.333571000000001,-1.7182,0.6881,28.958796999999997,33.828613,inf
337,337,3.37,989.65508,-1.9220400000000002,-1.297962,8.333571000000001,-1.7182,0.6881,27.320188,34.151782,inf
338,338,3.38,999.62822,-1.9220400000000002,-1.297962,8.333571000000001,-1.7182,0.6881,28.022448999999998,34.798120000000004,inf
339,339,3.39,780.2190400000001,-1.9220400000000002,-1.297962,8.333571000000001,-1.7182,0.6881,27.086102,35.121289000000004,inf
340,340,3.4,889.92363,-1.9220400000000002,-1.297962,8.333571000000001,-1.7182,0.6881,28.256535999999997,34.798120000000004,inf
341,341,3.41,949.7624999999999,-1.9220400000000002,-2.504994,8.333571000000001,-1.7182,0.6881,29.895145,34.798120000000004,inf
342,342,3.42,1039.5208,-1.9220400000000002,-0.090931,8.333571000000001,-1.7182,0.6881,29.661058,33.505444,inf
343,343,3.43,750.29961,-1.9220400000000002,-0.090931,8.333571000000001,-1.7182,0.6881,29.895145,33.505444,inf
344,344,3.44,879.95049,-1.9220400000000002,-1.297962,8.333571000000001,-1.7182,0.6881,28.958796999999997,32.859106,inf
345,345,3.45,929.81621,-1.9220400000000002,-1.297962,8.333571000000001,-1.7182,0.6881,27.554275,34.474951000000004,inf
346,346,3.46,1079.41338,-1.9220400000000002,-1.297962,8.333571000000001,-1.7182,0.6881,29.426971,33.828613,inf
347,347,3.47,810.13848,-1.9220400000000002,-1.297962,8.333571000000001,-1.7182,0.6881,26.383840999999997,34.151782,inf
348,348,3.48,929.81621,-1.9220400000000002,-0.090931,8.333571000000001,-1.7182,0.6881,27.554275,35.444458000000004,inf
349,349,3.49,830.0847699999999,-1.9220400000000002,-1.297962,8.333571000000001,-1.7182,0.6881,28.256535999999997,33.182275,inf
350,350,3.5,989.65508,-1.9220400000000002,-1.297962,8.333571000000001,-1.7182,0.6881,27.554275,34.798120000000004,inf
351,351,3.51,999.62822,-1.9220400000000002,-1.297962,8.333571000000001,-1.7182,0.6881,30.129231,36.413965000000005,inf
352,352,3.52,720.3801800000001,-1.9220400000000002,-1.297962,8.333571000000001,-1.7182,0.6881,28.958796999999997,35.767627000000005,inf
353,353,3.53,869.9773399999999,-1.9220400000000002,-0.090931,8.333571000000001,-1.7182,0.6881,29.426971,33.828613,inf
354,354,3.54,919.84307,-4.41496,-1.297962,5.893508,-1.7182,0.6881,28.724709999999998,35.121289000000004,inf
355,355,3.55,1079.41338,-1.9220400000000002,-1.297962,8.333571000000001,-1.7182,0.6881,29.192884000000003,35.444458000000004,inf
356,356,3.56,909.86992,-1.9220400000000002,-1.297962,8.333571000000001,-0.59967,0.6881,29.895145,35.444458000000004,inf
357,357,3.57,879.95049,-1.9220400000000002,-1.297962,8.333571000000001,-1.7182,0.6881,28.958796999999997,31.8896,inf
358,358,3.58,860.0041999999999,-1.9220400000000002,-1.297962,8.333571000000001,-1.7182,0.6881,27.788362,35.767627000000005,inf
359,359,3.59,959.73564,-1.9220400000000002,-1.297962,8.333571000000001,-1.7182,0.6881,28.958796999999997,34.474951000000004,inf
360,360,3.6,1049.49395,-1.9220400000000002,-1.297962,8.333571000000001,-1.7182,0.6881,28.958796999999997,34.474951000000004,inf
361,361,3.61,760.2727500000001,-1.9220400000000002,-1.297962,8.333571000000001,-1.7182,0.6881,28.958796999999997,32.859106,inf
362,362,3.62,889.92363,-1.9220400000000002,-1.297962,8.333571000000001,-1.7182,0.6881,28.022448999999998,33.828613,inf
363,363,3.63,899.89678,-1.9220400000000002,-1.297962,5.893508,-1.7182,0.6881,28.490623,33.828613,inf
364,364,3.64,1059.46709,-1.9220400000000002,-1.297962,8.333571000000001,-1.7182,0.6881,29.192884000000003,34.798120000000004,inf
365,365,3.65,800.1653299999999,-1.9220400000000002,-1.297962,8.333571000000001,-1.7182,0.6881,28.958796999999997,32.859106,inf
366,366,3.66,879.95049,-1.9220400000000002,-1.297962,8.333571000000001,-1.7182,0.6881,28.490623,33.828613,inf
367,367,3.67,820.11162,-1.9220400000000002,-1.297962,8.333571000000001,-1.7182,0.6881,27.788362,33.182275,inf
368,368,3.68,979.68193,-1.9220400000000002,-1.297962,8.333571000000001,-1.7182,0.6881,29.661058,34.474951000000004,inf
369,369,3.69,1019.57451,-1.9220400000000002,-0.090931,8.333571000000001,-1.7182,-0.543809,28.256535999999997,35.767627000000005,inf
370,370,3.7,780.2190400000001,-1.9220400000000002,-1.297962,8.333571000000001,-1.7182,0.6881,28.724709999999998,35.767627000000005,inf
371,371,3.71,889.92363,-1.9220400000000002,-1.297962,8.333571000000001,-1.7182,0.6881,28.958796999999997,32.212769,inf
372,372,3.72,959.73564,-1.9220400000000002,-1.297962,8.333571000000001,-1.7182,0.6881,28.022448999999998,34.474951000000004,inf
373,373,3.73,1069.44023,-1.9220400000000002,-1.297962,8.333571000000001,-1.7182,0.6881,30.597405,34.474951000000004,inf
374,374,3.74,760.2727500000001,-1.9220400000000002,-1.297962,8.333571000000001,-0.59967,0.6881,29.192884000000003,35.121289000000004,inf
375,375,3.75,889.92363,-1.9220400000000002,-0.090931,8.333571000000001,-1.7182,0.6881,28.958796999999997,32.535938,inf
376,376,3.76,860.0041999999999,-4.41496,-1.297962,8.333571000000001,-1.7182,0.6881,28.958796999999997,34.151782,inf
377,377,3.77,1049.49395,-1.9220400000000002,-1.297962,8.333571000000001,-1.7182,0.6881,27.788362,34.798120000000004,inf
378,378,3.78,840.05791,-1.9220400000000002,-0.090931,8.333571000000001,-1.7182,0.6881,28.490623,36.737134000000005,inf
379,379,3.79,850.03105,-1.9220400000000002,-1.297962,8.333571000000001,-1.7182,0.6881,28.490623,34.151782,inf
380,380,3.8,810.13848,-4.41496,-1.297962,8.333571000000001,-1.7182,0.6881,28.490623,33.182275,inf
381,381,3.81,949.7624999999999,-1.9220400000000002,-1.297962,8.333571000000001,-1.7182,0.6881,30.129231,36.737134000000005,inf
382,382,3.82,959.73564,-1.9220400000000002,-0.090931,8.333571000000001,-1.7182,0.6881,26.852015,36.090796000000005,inf
383,383,3.83,710.4070300000001,-1.9220400000000002,-1.297962,8.333571000000001,-1.7182,0.6881,28.958796999999997,34.151782,inf
384,384,3.84,760.2727500000001,-1.9220400000000002,-1.297962,8.333571000000001,-1.7182,0.6881,28.256535999999997,34.151782,inf
385,385,3.85,830.0847699999999,-1.9220400000000002,-1.297962,8.333571000000001,-1.7182,0.6881,28.958796999999997,36.737134000000005,inf
386,386,3.86,879.95049,-1.9220400000000002,-1.297962,8.333571000000001,-1.7182,0.6881,29.895145,35.121289000000004,inf
387,387,3.87,570.78301,-1.9220400000000002,-1.297962,8.333571000000001,-1.7182,0.6881,27.554275,34.798120000000004,inf
388,388,3.88,650.56816,-1.9220400000000002,-0.090931,8.333571000000001,-1.7182,0.6881,28.724709999999998,35.767627000000005,inf
389,389,3.89,570.78301,-4.41496,-1.297962,8.333571000000001,-1.7182,0.6881,29.426971,36.090796000000005,inf
390,390,3.9,670.51445,-1.9220400000000002,-1.297962,8.333571000000001,-1.7182,0.6881,27.788362,33.505444,inf
391,391,3.91,500.971,-1.9220400000000002,-1.297962,8.333571000000001,-1.7182,0.6881,29.426971,32.535938,inf
392,392,3.92,341.40067999999997,-4.41496,-1.297962,8.333571000000001,-1.7182,0.6881,28.256535999999997,35.121289000000004,inf
393,393,3.93,341.40067999999997,-1.9220400000000002,-1.297962,8.333571000000001,-1.7182,0.6881,28.490623,34.474951000000004,inf
394,394,3.94,321.45439000000005,-1.9220400000000002,-1.297962,8.333571000000001,-1.7182,0.6881,28.958796999999997,37.383472,inf
395,395,3.95,431.15898000000004,-1.9220400000000002,-1.297962,8.333571000000001,-1.7182,0.6881,28.490623,33.505444,inf
396,396,3.96,221.72295000000003,-1.9220400000000002,-1.297962,8.333571000000001,-1.7182,0.6881,27.554275,33.828613,inf
397,397,3.97,221.72295000000003,-1.9220400000000002,-1.297962,8.333571000000001,-1.7182,0.6881,28.490623,34.798120000000004,inf
398,398,3.98,151.91093999999998,-4.41496,-1.297962,8.333571000000001,-1.7182,0.6881,29.426971,34.798120000000004,inf
399,399,3.99,241.66923999999997,-1.9220400000000002,-1.297962,8.333571000000001,-2.8367299999999998,0.6881,29.192884000000003,33.828613,inf
400,400,4.0,311.48125,-1.9220400000000002,-1.297962,8.333571000000001,-1.7182,0.6881,27.086102,34.798120000000004,inf
401,401,4.01,52.17949,-4.41496,-1.297962,8.333571000000001,-1.7182,0.6881,29.661058,36.737134000000005,inf
402,402,4.02,121.9915,-1.9220400000000002,-1.297962,8.333571000000001,-1.7182,0.6881,29.426971,33.505444,inf
403,403,4.03,82.09893,-4.41496,-1.297962,8.333571000000001,-1.7182,0.6881,29.895145,33.505444,inf
404,404,4.04,201.77666000000002,-1.9220400000000002,-1.297962,5.893508,-1.7182,0.6881,28.958796999999997,33.505444,inf
405,405,4.05,271.58867,-1.9220400000000002,-1.297962,8.333571000000001,-1.7182,0.6881,27.788362,33.182275,inf
406,406,4.06,52.17949,-1.9220400000000002,-0.090931,8.333571000000001,-1.7182,0.6881,28.490623,33.828613,inf
407,407,4.07,161.88407999999998,-1.9220400000000002,-1.297962,8.333571000000001,-1.7182,0.6881,30.129231,37.060303000000005,inf
408,408,4.08,131.96465,-1.9220400000000002,-1.297962,8.333571000000001,-1.7182,0.6881,27.554275,34.151782,inf
409,409,4.09,291.53496,-4.41496,-1.297962,8.333571000000001,-1.7182,0.6881,27.788362,35.444458000000004,inf
410,410,4.1,490.99784999999997,-1.9220400000000002,-1.297962,8.333571000000001,-1.7182,0.6881,28.724709999999998,35.444458000000004,inf
411,411,4.11,321.45439000000005,-1.9220400000000002,-1.297962,8.333571000000001,-1.7182,0.6881,28.256535999999997,33.505444,inf
412,412,4.12,481.02471,-1.9220400000000002,-1.297962,8.333571000000001,-1.7182,0.6881,27.554275,33.505444,inf
413,413,4.13,570.78301,-1.9220400000000002,-1.297962,8.333571000000001,-1.7182,0.6881,30.129231,35.121289000000004,inf
414,414,4.14,690.46074,-4.41496,-1.297962,8.333571000000001,-1.7182,0.6881,30.129231,35.121289000000004,inf
415,415,4.15,879.95049,-1.9220400000000002,-1.297962,8.333571000000001,-1.7182,0.6881,29.426971,36.090796000000005,inf
416,416,4.16,959.73564,-1.9220400000000002,-1.297962,8.333571000000001,-1.7182,0.6881,28.958796999999997,32.859106,inf
417,417,4.17,700.43389,-1.9220400000000002,-0.090931,8.333571000000001,-1.7182,0.6881,28.022448999999998,32.859106,inf
418,418,4.18,780.2190400000001,-4.41496,-1.297962,8.333571000000001,-1.7182,0.6881,28.256535999999997,31.8896,inf
419,419,4.19,840.05791,-1.9220400000000002,-0.090931,8.333571000000001,-1.7182,0.6881,28.490623,34.474951000000004,inf
420,420,4.2,780.2190400000001,-4.41496,-1.297962,8.333571000000001,-1.7182,0.6881,28.256535999999997,33.828613,inf
421,421,4.21,939.78936,-1.9220400000000002,-1.297962,8.333571000000001,-1.7182,0.6881,30.129231,35.121289000000004,inf
422,422,4.22,909.86992,-1.9220400000000002,-0.090931,8.333571000000001,-0.59967,0.6881,27.788362,31.8896,inf
423,423,4.23,650.56816,-1.9220400000000002,-1.297962,8.333571000000001,-1.7182,0.6881,28.724709999999998,33.505444,inf
424,424,4.24,730.3533199999999,-1.9220400000000002,-1.297962,8.333571000000001,-1.7182,0.6881,29.895145,33.828613,inf
425,425,4.25,610.6755899999999,-4.41496,-1.297962,8.333571000000001,-1.7182,0.6881,28.958796999999997,34.151782,inf
426,426,4.26,690.46074,-1.9220400000000002,-1.297962,8.333571000000001,-1.7182,0.6881,26.852015,33.828613,inf
427,427,4.27,630.62188,-1.9220400000000002,-1.297962,8.333571000000001,-1.7182,0.6881,28.958796999999997,32.859106,inf
428,428,4.28,311.48125,-4.41496,-1.297962,8.333571000000001,-1.7182,0.6881,27.554275,33.828613,inf
429,429,4.29,381.29326,-1.9220400000000002,-1.297962,8.333571000000001,-1.7182,-0.543809,28.958796999999997,34.798120000000004,inf
430,430,4.3,301.50811,-1.9220400000000002,-1.297962,8.333571000000001,-1.7182,0.6881,27.320188,34.474951000000004,inf
431,431,4.31,361.34696999999994,-1.9220400000000002,-1.297962,8.333571000000001,-1.7182,0.6881,29.426971,36.090796000000005,inf
432,432,4.32,311.48125,-1.9220400000000002,-1.297962,8.333571000000001,-1.7182,0.6881,28.022448999999998,34.798120000000004,inf
433,433,4.33,-27.60566,-1.9220400000000002,-0.090931,8.333571000000001,-1.7182,0.6881,29.192884000000003,32.535938,
434,434,4.34,72.12577999999999,-1.9220400000000002,-0.090931,8.333571000000001,-1.7182,0.6881,30.363318,34.798120000000004,inf
435,435,4.35,-17.63252,-4.41496,-1.297962,8.333571000000001,-0.59967,0.6881,28.958796999999997,34.151782,
436,436,4.36,92.07207,-1.9220400000000002,-1.297962,5.893508,-1.7182,0.6881,28.490623,33.182275,inf
437,437,4.37,121.9915,-1.9220400000000002,-1.297962,8.333571000000001,-1.7182,0.6881,27.554275,35.444458000000004,inf
438,438,4.38,-97.41767999999999,-1.9220400000000002,-1.297962,8.333571000000001,-1.7182,0.6881,26.617928000000003,33.828613,
439,439,4.39,92.07207,-1.9220400000000002,-0.090931,8.333571000000001,-1.7182,0.6881,28.490623,34.151782,inf
440,440,4.4,121.9915,-4.41496,-1.297962,8.333571000000001,-1.7182,0.6881,28.022448999999998,35.767627000000005,inf
441,441,4.41,371.32012,-1.9220400000000002,-1.297962,8.333571000000001,-1.7182,0.6881,29.661058,34.798120000000004,inf
442,442,4.42,311.48125,-1.9220400000000002,-1.297962,8.333571000000001,-0.59967,0.6881,28.958796999999997,34.474951000000004,inf
443,443,4.43,371.32012,-1.9220400000000002,-1.297962,8.333571000000001,-1.7182,0.6881,28.958796999999997,37.383472,inf
444,444,4.44,471.05156,-1.9220400000000002,-1.297962,8.333571000000001,-1.7182,0.6881,28.490623,33.828613,inf
445,445,4.45,650.56816,-1.9220400000000002,-1.297962,8.333571000000001,-1.7182,0.6881,28.724709999999998,35.767627000000005,inf
446,446,4.46,840.05791,-1.9220400000000002,-1.297962,8.333571000000001,-2.8367299999999998,0.6881,27.086102,34.151782,inf
447,447,4.47,690.46074,-1.9220400000000002,-1.297962,8.333571000000001,-1.7182,0.6881,29.192884000000003,35.767627000000005,inf
448,448,4.48,660.5413100000001,-1.9220400000000002,-1.297962,8.333571000000001,-1.7182,0.6881,29.192884000000003,34.798120000000004,inf
449,449,4.49,680.4876,-1.9220400000000002,-1.297962,8.333571000000001,-1.7182,0.6881,27.554275,32.212769,inf
450,450,4.5,700.43389,-1.9220400000000002,-1.297962,8.333571000000001,-1.7182,0.6881,29.661058,35.121289000000004,inf
451,451,4.51,820.11162,-1.9220400000000002,-1.297962,8.333571000000001,-1.7182,0.6881,27.086102,33.828613,inf
452,452,4.52,540.86357,-1.9220400000000002,-1.297962,8.333571000000001,-1.7182,0.6881,29.192884000000003,34.798120000000004,inf
453,453,4.53,550.83672,-1.9220400000000002,-1.297962,8.333571000000001,-1.7182,0.6881,28.490623,35.767627000000005,inf
454,454,4.54,421.18584000000004,-1.9220400000000002,-1.297962,8.333571000000001,-1.7182,0.6881,28.490623,34.798120000000004,inf
455,455,4.55,580.7561499999999,-1.9220400000000002,-1.297962,8.333571000000001,-1.7182,0.6881,28.022448999999998,35.121289000000004,inf
456,456,4.56,411.21270000000004,-1.9220400000000002,-0.090931,8.333571000000001,-1.7182,0.6881,29.661058,31.566431,inf
457,457,4.57,321.45439000000005,-1.9220400000000002,-1.297962,8.333571000000001,-1.7182,0.6881,29.426971,33.505444,inf
458,458,4.58,191.80352,-4.41496,-1.297962,8.333571000000001,-1.7182,0.6881,28.724709999999998,36.413965000000005,inf
459,459,4.59,341.40067999999997,-1.9220400000000002,-1.297962,8.333571000000001,-1.7182,0.6881,28.490623,33.505444,inf
460,460,4.6,211.7498,-1.9220400000000002,-1.297962,8.333571000000001,-1.7182,0.6881,27.320188,35.121289000000004,inf
461,461,4.61,72.12577999999999,-1.9220400000000002,-1.297962,8.333571000000001,-1.7182,0.6881,29.661058,35.444458000000004,inf
462,462,4.62,52.17949,-1.9220400000000002,-0.090931,8.333571000000001,-1.7182,0.6881,26.852015,34.474951000000004,inf
463,463,4.63,241.66923999999997,-1.9220400000000002,-1.297962,8.333571000000001,-1.7182,0.6881,29.192884000000003,37.060303000000005,inf
464,464,4.64,121.9915,-4.41496,-1.297962,8.333571000000001,-1.7182,0.6881,30.597405,34.798120000000004,inf
465,465,4.65,112.01836,-1.9220400000000002,-1.297962,8.333571000000001,-1.7182,0.6881,29.661058,34.798120000000004,inf
466,466,4.66,171.85723,-1.9220400000000002,-1.297962,8.333571000000001,-1.7182,0.6881,29.192884000000003,35.121289000000004,inf
467,467,4.67,331.42753999999996,-1.9220400000000002,-1.297962,8.333571000000001,-1.7182,0.6881,29.661058,33.505444,inf
468,468,4.68,451.10527,-1.9220400000000002,-1.297962,8.333571000000001,-1.7182,0.6881,28.958796999999997,34.474951000000004,inf
469,469,4.69,301.50811,-1.9220400000000002,-1.297962,8.333571000000001,-1.7182,0.6881,28.724709999999998,38.352979,inf
470,470,4.7,500.971,-1.9220400000000002,-1.297962,8.333571000000001,-1.7182,0.6881,27.788362,31.8896,inf
471,471,4.71,520.91729,-1.9220400000000002,-1.297962,8.333571000000001,-1.7182,0.6881,27.788362,35.121289000000004,inf
472,472,4.72,760.2727500000001,-1.9220400000000002,-1.297962,8.333571000000001,-1.7182,0.6881,28.256535999999997,32.212769,inf
473,473,4.73,850.03105,-1.9220400000000002,-0.090931,8.333571000000001,-1.7182,0.6881,28.490623,35.444458000000004,inf
474,474,4.74,630.62188,-1.9220400000000002,-1.297962,8.333571000000001,-1.7182,0.6881,30.597405,36.090796000000005,inf
475,475,4.75,780.2190400000001,-1.9220400000000002,-1.297962,8.333571000000001,-1.7182,0.6881,29.661058,36.090796000000005,inf
476,476,4.76,750.29961,-4.41496,-1.297962,8.333571000000001,-1.7182,0.6881,29.895145,33.828613,inf
477,477,4.77,840.05791,-1.9220400000000002,-1.297962,8.333571000000001,-1.7182,0.6881,28.022448999999998,34.151782,inf
478,478,4.78,899.89678,-1.9220400000000002,-0.090931,8.333571000000001,-1.7182,0.6881,28.256535999999997,36.413965000000005,inf
479,479,4.79,540.86357,-1.9220400000000002,-1.297962,8.333571000000001,-1.7182,0.6881,28.724709999999998,34.151782,inf
480,480,4.8,610.6755899999999,-1.9220400000000002,-1.297962,8.333571000000001,-1.7182,0.6881,28.724709999999998,34.798120000000004,inf
481,481,4.81,481.02471,-1.9220400000000002,-1.297962,8.333571000000001,-1.7182,0.6881,28.490623,33.828613,inf
482,482,4.82,540.86357,-1.9220400000000002,-1.297962,8.333571000000001,-1.7182,0.6881,28.256535999999997,33.828613,inf
483,483,4.83,580.7561499999999,-1.9220400000000002,-1.297962,8.333571000000001,-1.7182,0.6881,28.490623,36.737134000000005,inf
484,484,4.84,411.21270000000004,-1.9220400000000002,-1.297962,8.333571000000001,-1.7182,0.6881,26.617928000000003,36.737134000000005,inf
485,485,4.85,231.69609000000003,-4.41496,-1.297962,8.333571000000001,-1.7182,0.6881,29.192884000000003,34.798120000000004,inf
486,486,4.86,281.56182,-1.9220400000000002,-0.090931,8.333571000000001,-1.7182,0.6881,29.661058,35.767627000000005,inf
487,487,4.87,161.88407999999998,-1.9220400000000002,-1.297962,8.333571000000001,-1.7182,0.6881,28.022448999999998,37.060303000000005,inf
488,488,4.88,281.56182,-1.9220400000000002,-1.297962,8.333571000000001,-1.7182,0.6881,28.958796999999997,32.859106,inf
489,489,4.89,191.80352,-1.9220400000000002,-1.297962,8.333571000000001,-0.59967,0.6881,28.256535999999997,37.060303000000005,inf
490,490,4.9,32.233200000000004,-4.41496,-1.297962,8.333571000000001,-1.7182,0.6881,29.661058,35.444458000000004,inf
491,491,4.91,102.04521000000001,-1.9220400000000002,-1.297962,8.333571000000001,-1.7182,0.6881,29.661058,32.859106,inf
492,492,4.92,121.9915,-1.9220400000000002,-1.297962,8.333571000000001,-1.7182,0.6881,27.788362,32.859106,inf
493,493,4.93,291.53496,-1.9220400000000002,-1.297962,8.333571000000001,-1.7182,0.6881,28.724709999999998,32.212769,inf
494,494,4.94,281.56182,-1.9220400000000002,-1.297962,8.333571000000001,-1.7182,0.6881,29.192884000000003,38.02981,inf
495,495,4.95,131.96465,-1.9220400000000002,-1.297962,8.333571000000001,-1.7182,0.6881,29.192884000000003,34.798120000000004,inf
496,496,4.96,351.37383,-1.9220400000000002,-0.090931,8.333571000000001,-1.7182,0.6881,28.958796999999997,34.474951000000004,inf
497,497,4.97,341.40067999999997,-1.9220400000000002,-1.297962,8.333571000000001,-1.7182,0.6881,27.788362,35.444458000000004,inf
498,498,4.98,560.80986,-1.9220400000000002,-1.297962,8.333571000000001,-1.7182,0.6881,29.426971,33.505444,inf
499,499,4.99,720.3801800000001,-1.9220400000000002,-1.297962,8.333571000000001,-1.7182,0.6881,28.256535999999997,33.505444,inf
500,500,5.0,520.91729,-1.9220400000000002,-1.297962,8.333571000000001,-1.7182,0.6881,29.426971,34.798120000000004,inf
501,501,5.01,580.7561499999999,-1.9220400000000002,-1.297962,8.333571000000001,-1.7182,0.6881,27.320188,31.8896,inf
502,502,5.02,680.4876,-1.9220400000000002,-1.297962,8.333571000000001,-1.7182,0.6881,28.724709999999998,35.121289000000004,inf
503,503,5.03,840.05791,-1.9220400000000002,-1.297962,5.893508,-1.7182,0.6881,29.192884000000003,35.767627000000005,inf
504,504,5.04,949.7624999999999,-1.9220400000000002,-1.297962,8.333571000000001,-1.7182,0.6881,28.256535999999997,33.828613,inf
505,505,5.05,650.56816,-4.41496,-1.297962,8.333571000000001,-1.7182,0.6881,28.022448999999998,35.121289000000004,inf
506,506,5.06,740.32646,-1.9220400000000002,-1.297962,8.333571000000001,-1.7182,0.6881,29.895145,32.859106,inf
507,507,5.07,650.56816,-1.9220400000000002,-0.090931,8.333571000000001,-1.7182,0.6881,28.958796999999997,35.444458000000004,inf
508,508,5.08,770.2459,-1.9220400000000002,-1.297962,5.893508,-1.7182,0.6881,26.149754,34.151782,inf
509,509,5.09,790.19219,-1.9220400000000002,-1.297962,8.333571000000001,-1.7182,0.6881,28.724709999999998,35.121289000000004,inf
510,510,5.1,431.15898000000004,-1.9220400000000002,-1.297962,8.333571000000001,-1.7182,0.6881,29.192884000000003,35.767627000000005,inf
511,511,5.11,520.91729,-1.9220400000000002,-1.297962,8.333571000000001,-1.7182,0.6881,27.554275,33.828613,inf
512,512,5.12,421.18584000000004,-4.41496,-1.297962,8.333571000000001,-1.7182,0.6881,30.597405,34.474951000000004,inf
513,513,5.13,441.13213,-1.9220400000000002,-1.297962,8.333571000000001,-2.8367299999999998,0.6881,29.192884000000003,35.444458000000004,inf
514,514,5.14,500.971,-1.9220400000000002,-1.297962,5.893508,-1.7182,0.6881,30.831491999999997,35.121289000000004,inf
515,515,5.15,451.10527,-1.9220400000000002,-1.297962,8.333571000000001,-1.7182,0.6881,29.895145,32.535938,inf
516,516,5.16,181.83037,-1.9220400000000002,-1.297962,8.333571000000001,-1.7182,0.6881,28.490623,35.444458000000004,inf
517,517,5.17,251.64238,-1.9220400000000002,-1.297962,8.333571000000001,-1.7182,0.6881,28.490623,34.474951000000004,inf
518,518,5.18,171.85723,-4.41496,-1.297962,8.333571000000001,-1.7182,0.6881,28.022448999999998,36.737134000000005,inf
519,519,5.19,251.64238,-1.9220400000000002,-1.297962,8.333571000000001,-1.7182,0.6881,28.490623,35.767627000000005,inf
520,520,5.2,361.34696999999994,-1.9220400000000002,-1.297962,8.333571000000001,-1.7182,0.6881,27.554275,34.798120000000004,inf
521,521,5.21,151.91093999999998,-1.9220400000000002,-1.297962,8.333571000000001,-1.7182,0.6881,28.958796999999997,34.474951000000004,inf
522,522,5.22,181.83037,-1.9220400000000002,-1.297962,8.333571000000001,-1.7182,0.6881,29.426971,37.383472,inf
523,523,5.23,211.7498,-1.9220400000000002,-1.297962,8.333571000000001,-1.7182,0.6881,29.426971,34.151782,inf
524,524,5.24,331.42753999999996,-4.41496,-1.297962,8.333571000000001,-1.7182,0.6881,28.958796999999997,31.8896,inf
525,525,5.25,510.94414,-1.9220400000000002,-1.297962,8.333571000000001,-1.7182,0.6881,29.895145,33.182275,inf
526,526,5.26,401.23955,-1.9220400000000002,-1.297962,8.333571000000001,-1.7182,0.6881,29.895145,35.444458000000004,inf
527,527,5.27,451.10527,-4.41496,-1.297962,8.333571000000001,-1.7182,0.6881,28.724709999999998,32.212769,inf
528,528,5.28,490.99784999999997,-4.41496,-1.297962,8.333571000000001,-1.7182,0.6881,29.426971,36.090796000000005,inf
529,529,5.29,700.43389,-1.9220400000000002,-1.297962,5.893508,-1.7182,0.6881,28.724709999999998,34.474951000000004,inf
530,530,5.3,860.0041999999999,-1.9220400000000002,-1.297962,8.333571000000001,-1.7182,-0.543809,30.129231,32.212769,inf
531,531,5.31,760.2727500000001,-4.41496,-0.090931,8.333571000000001,-1.7182,0.6881,28.256535999999997,33.828613,inf
532,532,5.32,760.2727500000001,-1.9220400000000002,-1.297962,8.333571000000001,-1.7182,0.6881,29.895145,35.444458000000004,inf
533,533,5.33,850.03105,-1.9220400000000002,-1.297962,8.333571000000001,-1.7182,0.6881,29.426971,33.828613,inf
534,534,5.34,840.05791,-1.9220400000000002,-1.297962,8.333571000000001,-1.7182,0.6881,27.554275,37.383472,inf
535,535,5.35,959.73564,-1.9220400000000002,-1.297962,8.333571000000001,-1.7182,0.6881,28.256535999999997,32.859106,inf
536,536,5.36,1019.57451,-1.9220400000000002,-1.297962,8.333571000000001,-1.7182,0.6881,29.426971,36.413965000000005,inf
537,537,5.37,879.95049,-1.9220400000000002,-1.297962,8.333571000000001,-1.7182,0.6881,30.129231,37.383472,inf
538,538,5.38,670.51445,-1.9220400000000002,-1.297962,8.333571000000001,-0.59967,0.6881,29.426971,34.798120000000004,inf
539,539,5.39,760.2727500000001,-1.9220400000000002,-1.297962,8.333571000000001,-1.7182,0.6881,29.895145,36.413965000000005,inf
540,540,5.4,600.7024399999999,-1.9220400000000002,-1.297962,8.333571000000001,-1.7182,0.6881,28.256535999999997,36.090796000000005,inf
541,541,5.41,680.4876,-1.9220400000000002,-1.297962,8.333571000000001,-1.7182,0.6881,28.724709999999998,31.566431,inf
542,542,5.42,700.43389,-1.9220400000000002,-1.297962,8.333571000000001,-2.8367299999999998,0.6881,27.788362,33.505444,inf
543,543,5.43,630.62188,-1.9220400000000002,-1.297962,8.333571000000001,-1.7182,0.6881,29.426971,33.182275,inf
544,544,5.44,311.48125,-1.9220400000000002,-1.297962,8.333571000000001,-1.7182,0.6881,28.022448999999998,35.767627000000005,inf
545,545,5.45,331.42753999999996,-1.9220400000000002,-1.297962,8.333571000000001,-2.8367299999999998,0.6881,29.192884000000003,36.413965000000005,inf
546,546,5.46,321.45439000000005,-1.9220400000000002,-1.297962,8.333571000000001,-1.7182,0.6881,30.363318,33.828613,inf
547,547,5.47,251.64238,-1.9220400000000002,-1.297962,8.333571000000001,-1.7182,0.6881,29.192884000000003,35.121289000000004,inf
548,548,5.48,211.7498,-1.9220400000000002,-1.297962,8.333571000000001,-1.7182,0.6881,29.426971,34.151782,inf
549,549,5.49,291.53496,-1.9220400000000002,-1.297962,8.333571000000001,-1.7182,0.6881,27.320188,36.090796000000005,inf
550,550,5.5,341.40067999999997,-1.9220400000000002,-1.297962,8.333571000000001,-1.7182,0.6881,28.256535999999997,33.828613,inf
551,551,5.51,112.01836,-4.41496,-1.297962,8.333571000000001,-1.7182,0.6881,30.363318,34.474951000000004,inf
552,552,5.52,82.09893,-1.9220400000000002,-0.090931,8.333571000000001,-1.7182,0.6881,29.192884000000003,34.474951000000004,inf
553,553,5.53,151.91093999999998,-1.9220400000000002,-1.297962,8.333571000000001,-1.7182,0.6881,28.724709999999998,32.859106,inf
554,554,5.54,82.09893,-1.9220400000000002,-1.297962,8.333571000000001,-1.7182,0.6881,29.661058,34.474951000000004,inf
555,555,5.55,261.61553000000004,-1.9220400000000002,-1.297962,8.333571000000001,-1.7182,0.6881,27.320188,34.151782,inf
556,556,5.56,361.34696999999994,-1.9220400000000002,-1.297962,8.333571000000001,-1.7182,0.6881,29.192884000000003,33.505444,inf
557,557,5.57,161.88407999999998,-1.9220400000000002,-0.090931,8.333571000000001,-1.7182,0.6881,28.256535999999997,36.737134000000005,inf
558,558,5.58,251.64238,-1.9220400000000002,-1.297962,8.333571000000001,-1.7182,0.6881,28.256535999999997,33.828613,inf
559,559,5.59,431.15898000000004,-1.9220400000000002,-1.297962,8.333571000000001,-1.7182,0.6881,28.256535999999997,36.737134000000005,inf
560,560,5.6,540.86357,-1.9220400000000002,-1.297962,8.333571000000001,-1.7182,0.6881,29.192884000000003,35.121289000000004,inf
561,561,5.61,760.2727500000001,-1.9220400000000002,-1.297962,8.333571000000001,-1.7182,0.6881,28.256535999999997,34.798120000000004,inf
562,562,5.62,879.95049,-1.9220400000000002,-1.297962,8.333571000000001,-1.7182,0.6881,29.426971,36.413965000000005,inf
563,563,5.63,720.3801800000001,-1.9220400000000002,-1.297962,8.333571000000001,-1.7182,0.6881,28.724709999999998,36.737134000000005,inf
564,564,5.64,750.29961,-1.9220400000000002,-1.297962,8.333571000000001,-1.7182,0.6881,29.192884000000003,35.444458000000004,inf
565,565,5.65,830.0847699999999,-1.9220400000000002,-0.090931,8.333571000000001,-1.7182,0.6881,28.256535999999997,35.444458000000004,inf
566,566,5.66,740.32646,-1.9220400000000002,-1.297962,8.333571000000001,-1.7182,0.6881,30.129231,35.767627000000005,inf
567,567,5.67,850.03105,-4.41496,-1.297962,8.333571000000001,-1.7182,0.6881,29.895145,33.828613,inf
568,568,5.68,919.84307,-1.9220400000000002,-1.297962,8.333571000000001,-1.7182,-0.543809,27.320188,34.474951000000004,inf
569,569,5.69,800.1653299999999,-1.9220400000000002,-1.297962,8.333571000000001,-1.7182,0.6881,28.256535999999997,35.121289000000004,inf
570,570,5.7,540.86357,-1.9220400000000002,-1.297962,8.333571000000001,-1.7182,0.6881,27.086102,31.8896,inf
571,571,5.71,620.64873,-1.9220400000000002,-1.297962,8.333571000000001,-1.7182,0.6881,28.256535999999997,37.706641,inf
572,572,5.72,471.05156,-1.9220400000000002,-1.297962,8.333571000000001,-1.7182,0.6881,27.788362,34.474951000000004,inf
573,573,5.73,580.7561499999999,-1.9220400000000002,-1.297962,8.333571000000001,-1.7182,0.6881,28.256535999999997,34.474951000000004,inf
574,574,5.74,471.05156,-1.9220400000000002,-0.090931,8.333571000000001,-1.7182,0.6881,28.724709999999998,33.182275,inf
575,575,5.75,231.69609000000003,-1.9220400000000002,-1.297962,8.333571000000001,-1.7182,0.6881,29.192884000000003,35.121289000000004,inf
576,576,5.76,311.48125,-1.9220400000000002,-0.090931,8.333571000000001,-1.7182,0.6881,27.320188,33.505444,inf
577,577,5.77,191.80352,-1.9220400000000002,-1.297962,8.333571000000001,-1.7182,0.6881,29.895145,33.505444,inf
578,578,5.78,331.42753999999996,-1.9220400000000002,-1.297962,8.333571000000001,-1.7182,0.6881,28.958796999999997,38.352979,inf
579,579,5.79,171.85723,-1.9220400000000002,-0.090931,8.333571000000001,-1.7182,0.6881,28.490623,37.706641,inf
580,580,5.8,82.09893,-1.9220400000000002,-1.297962,8.333571000000001,-1.7182,0.6881,29.192884000000003,36.413965000000005,inf
581,581,5.81,92.07207,-1.9220400000000002,-0.090931,8.333571000000001,-1.7182,0.6881,29.895145,34.798120000000004,inf
582,582,5.82,141.93779,-1.9220400000000002,-1.297962,5.893508,-1.7182,0.6881,27.788362,32.859106,inf
583,583,5.83,241.66923999999997,-1.9220400000000002,-1.297962,8.333571000000001,-1.7182,0.6881,29.192884000000003,34.798120000000004,inf
584,584,5.84,-77.47139,-4.41496,-0.090931,8.333571000000001,-1.7182,0.6881,29.426971,34.798120000000004,
585,585,5.85,82.09893,-1.9220400000000002,-1.297962,8.333571000000001,-1.7182,0.6881,28.724709999999998,34.798120000000004,inf
586,586,5.86,2.31377,-1.9220400000000002,-1.297962,8.333571000000001,-1.7182,0.6881,28.958796999999997,34.474951000000004,inf
587,587,5.87,201.77666000000002,-1.9220400000000002,-1.297962,8.333571000000001,-1.7182,0.6881,30.129231,34.474951000000004,inf
588,588,5.88,271.58867,-1.9220400000000002,-1.297962,8.333571000000001,-1.7182,0.6881,28.256535999999997,37.706641,inf
589,589,5.89,102.04521000000001,-1.9220400000000002,-1.297962,8.333571000000001,-1.7182,0.6881,29.895145,34.474951000000004,inf
590,590,5.9,341.40067999999997,-1.9220400000000002,-1.297962,8.333571000000001,-1.7182,0.6881,27.788362,32.535938,inf
591,591,5.91,481.02471,-4.41496,-1.297962,8.333571000000001,-1.7182,0.6881,30.129231,32.859106,inf
592,592,5.92,800.1653299999999,-1.9220400000000002,-0.090931,8.333571000000001,-1.7182,0.6881,28.256535999999997,34.151782,inf
593,593,5.93,650.56816,-1.9220400000000002,-1.297962,8.333571000000001,-0.59967,0.6881,29.192884000000003,34.474951000000004,inf
594,594,5.94,840.05791,-1.9220400000000002,-1.297962,8.333571000000001,-1.7182,0.6881,31.065579,34.474951000000004,inf
595,595,5.95,810.13848,-1.9220400000000002,-1.297962,8.333571000000001,-1.7182,0.6881,28.724709999999998,32.859106,inf
596,596,5.96,949.7624999999999,-4.41496,-1.297962,8.333571000000001,-1.7182,0.6881,27.086102,34.151782,inf
597,597,5.97,1039.5208,-1.9220400000000002,-0.090931,8.333571000000001,-1.7182,0.6881,28.022448999999998,35.444458000000004,inf
598,598,5.98,820.11162,-1.9220400000000002,-1.297962,8.333571000000001,-1.7182,0.6881,27.554275,36.737134000000005,inf
599,599,5.99,700.43389,-1.9220400000000002,-1.297962,8.333571000000001,-1.7182,0.6881,27.086102,35.767627000000005,inf
600,600,6.0,720.3801800000001,-1.9220400000000002,-1.297962,8.333571000000001,-1.7182,0.6881,28.256535999999997,34.151782,inf
601,601,6.01,560.80986,-4.41496,-1.297962,8.333571000000001,-1.7182,0.6881,28.022448999999998,31.566431,inf
602,602,6.02,640.59502,-1.9220400000000002,-1.297962,8.333571000000001,-1.7182,0.6881,28.724709999999998,33.828613,inf
603,603,6.03,640.59502,-1.9220400000000002,-0.090931,8.333571000000001,-1.7182,-0.543809,28.958796999999997,34.798120000000004,inf
604,604,6.04,301.50811,-1.9220400000000002,-1.297962,8.333571000000001,-1.7182,0.6881,28.724709999999998,34.151782,inf
605,605,6.05,291.53496,-1.9220400000000002,-1.297962,8.333571000000001,-1.7182,0.6881,28.490623,31.566431,inf
606,606,6.06,231.69609000000003,-4.41496,-1.297962,8.333571000000001,-0.59967,0.6881,28.022448999999998,36.090796000000005,inf
607,607,6.07,241.66923999999997,-1.9220400000000002,-1.297962,8.333571000000001,-1.7182,0.6881,28.490623,35.121289000000004,inf
608,608,6.08,321.45439000000005,-1.9220400000000002,-1.297962,8.333571000000001,-2.8367299999999998,0.6881,27.554275,33.505444,inf
609,609,6.09,271.58867,-1.9220400000000002,-0.090931,8.333571000000001,-1.7182,0.6881,27.320188,33.505444,inf
610,610,6.1,-27.60566,-1.9220400000000002,-1.297962,8.333571000000001,-1.7182,0.6881,27.320188,34.798120000000004,
611,611,6.11,92.07207,-1.9220400000000002,-1.297962,8.333571000000001,-1.7182,0.6881,30.363318,34.474951000000004,inf
612,612,6.12,2.31377,-1.9220400000000002,-1.297962,8.333571000000001,-1.7182,0.6881,29.895145,34.151782,inf
613,613,6.13,161.88407999999998,-1.9220400000000002,-1.297962,8.333571000000001,-1.7182,0.6881,29.192884000000003,34.474951000000004,inf
614,614,6.14,161.88407999999998,-1.9220400000000002,-0.090931,8.333571000000001,-1.7182,0.6881,27.086102,34.474951000000004,inf
615,615,6.15,-77.47139,-1.9220400000000002,-1.297962,8.333571000000001,-1.7182,0.6881,28.022448999999998,35.767627000000005,
616,616,6.16,112.01836,-1.9220400000000002,-1.297962,8.333571000000001,-1.7182,0.6881,29.426971,35.444458000000004,inf
617,617,6.17,62.152640000000005,-1.9220400000000002,-1.297962,8.333571000000001,-0.59967,0.6881,28.022448999999998,34.474951000000004,inf
618,618,6.18,231.69609000000003,-1.9220400000000002,-1.297962,8.333571000000001,-1.7182,0.6881,27.086102,32.859106,inf
619,619,6.19,411.21270000000004,-1.9220400000000002,-1.297962,8.333571000000001,-1.7182,0.6881,28.958796999999997,32.212769,inf
620,620,6.2,281.56182,-4.41496,-1.297962,8.333571000000001,-1.7182,0.6881,28.490623,36.090796000000005,inf
621,621,6.21,490.99784999999997,-1.9220400000000002,-1.297962,8.333571000000001,-1.7182,0.6881,29.895145,33.828613,inf
622,622,6.22,620.64873,-1.9220400000000002,-1.297962,8.333571000000001,-1.7182,0.6881,26.149754,33.505444,inf
623,623,6.23,860.0041999999999,-1.9220400000000002,-1.297962,8.333571000000001,-1.7182,0.6881,28.958796999999997,33.505444,inf
624,624,6.24,1069.44023,-1.9220400000000002,-0.090931,8.333571000000001,-1.7182,0.6881,27.320188,34.474951000000004,inf
625,625,6.25,860.0041999999999,-1.9220400000000002,-1.297962,8.333571000000001,-0.59967,0.6881,28.022448999999998,33.182275,inf
626,626,6.26,929.81621,-1.9220400000000002,-0.090931,8.333571000000001,-1.7182,0.6881,29.895145,34.151782,inf
627,627,6.27,929.81621,-1.9220400000000002,-1.297962,8.333571000000001,-1.7182,0.6881,28.724709999999998,33.182275,inf
628,628,6.28,979.68193,-1.9220400000000002,-1.297962,8.333571000000001,-1.7182,0.6881,27.788362,32.212769,inf
629,629,6.29,1079.41338,-1.9220400000000002,-1.297962,8.333571000000001,-1.7182,0.6881,29.192884000000003,33.182275,inf
630,630,6.3,939.78936,-1.9220400000000002,-1.297962,8.333571000000001,-1.7182,0.6881,28.256535999999997,35.444458000000004,inf
631,631,6.31,810.13848,-1.9220400000000002,-1.297962,8.333571000000001,-1.7182,0.6881,29.426971,36.090796000000005,inf
632,632,6.32,840.05791,-1.9220400000000002,-1.297962,8.333571000000001,-1.7182,0.6881,29.192884000000003,33.182275,inf
633,633,6.33,770.2459,-4.41496,-1.297962,8.333571000000001,-1.7182,0.6881,30.363318,32.212769,inf
634,634,6.34,879.95049,-1.9220400000000002,-1.297962,8.333571000000001,-1.7182,0.6881,30.597405,34.474951000000004,inf
635,635,6.35,690.46074,-1.9220400000000002,-1.297962,8.333571000000001,-0.59967,0.6881,27.320188,37.706641,inf
636,636,6.36,401.23955,-1.9220400000000002,-1.297962,8.333571000000001,-1.7182,0.6881,29.661058,37.060303000000005,inf
637,637,6.37,451.10527,-1.9220400000000002,-0.090931,8.333571000000001,-1.7182,0.6881,26.852015,34.798120000000004,inf
638,638,6.38,281.56182,-1.9220400000000002,-1.297962,8.333571000000001,-1.7182,0.6881,27.320188,33.828613,inf
639,639,6.39,351.37383,-1.9220400000000002,-1.297962,8.333571000000001,-1.7182,0.6881,28.958796999999997,35.121289000000004,inf
640,640,6.4,351.37383,-1.9220400000000002,-1.297962,8.333571000000001,-1.7182,0.6881,30.129231,34.798120000000004,inf
641,641,6.41,12.286909999999999,-1.9220400000000002,-1.297962,8.333571000000001,-1.7182,0.6881,27.320188,35.121289000000004,inf
642,642,6.42,2.31377,-1.9220400000000002,-1.297962,8.333571000000001,-1.7182,0.6881,28.256535999999997,36.737134000000005,inf
643,643,6.43,12.286909999999999,-1.9220400000000002,-0.090931,8.333571000000001,-1.7182,0.6881,29.895145,35.767627000000005,inf
644,644,6.44,-87.44453,-4.41496,-1.297962,8.333571000000001,-1.7182,0.6881,28.256535999999997,35.121289000000004,
645,645,6.45,32.233200000000004,-1.9220400000000002,-1.297962,8.333571000000001,-1.7182,0.6881,27.554275,32.859106,inf
646,646,6.46,82.09893,-1.9220400000000002,-1.297962,8.333571000000001,-1.7182,0.6881,28.490623,35.444458000000004,inf
647,647,6.47,-177.20282999999998,-1.9220400000000002,-1.297962,8.333571000000001,-1.7182,0.6881,29.192884000000003,33.828613,
648,648,6.48,-127.33711,-4.41496,-1.297962,8.333571000000001,-1.7182,0.6881,29.661058,34.474951000000004,
649,649,6.49,-127.33711,-4.41496,-1.297962,8.333571000000001,-1.7182,0.6881,28.958796999999997,33.182275,
650,650,6.5,-37.57881,-1.9220400000000002,-1.297962,8.333571000000001,-1.7182,0.6881,28.724709999999998,34.798120000000004,
651,651,6.51,102.04521000000001,-1.9220400000000002,-1.297962,8.333571000000001,-1.7182,0.6881,28.022448999999998,36.413965000000005,inf
652,652,6.52,22.26006,-1.9220400000000002,-1.297962,8.333571000000001,-1.7182,0.6881,27.788362,34.151782,inf
653,653,6.53,-137.31025,-1.9220400000000002,-0.090931,8.333571000000001,-1.7182,0.6881,28.724709999999998,35.121289000000004,
654,654,6.54,72.12577999999999,-1.9220400000000002,-1.297962,8.333571000000001,-1.7182,0.6881,27.554275,34.798120000000004,inf
655,655,6.55,62.152640000000005,-4.41496,-1.297962,8.333571000000001,-1.7182,0.6881,28.256535999999997,34.798120000000004,inf
656,656,6.56,311.48125,-1.9220400000000002,-1.297962,8.333571000000001,-1.7182,0.6881,29.192884000000003,34.151782,inf
657,657,6.57,560.80986,-1.9220400000000002,-1.297962,8.333571000000001,-1.7182,0.6881,28.958796999999997,30.596923999999998,inf
658,658,6.58,540.86357,-1.9220400000000002,-0.090931,8.333571000000001,-1.7182,0.6881,29.895145,34.798120000000004,inf
659,659,6.59,640.59502,-1.9220400000000002,-0.090931,8.333571000000001,-1.7182,0.6881,28.958796999999997,32.535938,inf
660,660,6.6,820.11162,-1.9220400000000002,-1.297962,8.333571000000001,-1.7182,0.6881,29.192884000000003,33.182275,inf
661,661,6.61,919.84307,-1.9220400000000002,-1.297962,5.893508,-1.7182,0.6881,28.958796999999997,35.121289000000004,inf
662,662,6.62,1169.17168,-1.9220400000000002,-1.297962,8.333571000000001,-2.8367299999999998,0.6881,29.426971,37.060303000000005,inf
663,663,6.63,989.65508,-1.9220400000000002,-1.297962,8.333571000000001,-1.7182,0.6881,29.426971,33.505444,inf
664,664,6.64,979.68193,-1.9220400000000002,-0.090931,8.333571000000001,-1.7182,0.6881,27.788362,35.767627000000005,inf
665,665,6.65,989.65508,-1.9220400000000002,-1.297962,8.333571000000001,-1.7182,0.6881,29.895145,34.798120000000004,inf
666,666,6.66,979.68193,-4.41496,-1.297962,8.333571000000001,-1.7182,0.6881,28.490623,33.828613,inf
667,667,6.67,1099.3596699999998,-1.9220400000000002,-1.297962,8.333571000000001,-1.7182,0.6881,30.129231,33.828613,inf
668,668,6.68,999.62822,-1.9220400000000002,-1.297962,8.333571000000001,-1.7182,0.6881,28.256535999999997,35.444458000000004,inf
669,669,6.69,700.43389,-1.9220400000000002,-0.090931,8.333571000000001,-1.7182,0.6881,30.831491999999997,34.798120000000004,inf
670,670,6.7,780.2190400000001,-1.9220400000000002,-0.090931,8.333571000000001,-1.7182,0.6881,29.192884000000003,34.151782,inf
671,671,6.71,630.62188,-4.41496,-1.297962,8.333571000000001,-1.7182,0.6881,29.192884000000003,33.505444,inf
672,672,6.72,690.46074,-1.9220400000000002,-1.297962,8.333571000000001,-2.8367299999999998,0.6881,27.788362,36.090796000000005,inf
673,673,6.73,580.7561499999999,-1.9220400000000002,-1.297962,8.333571000000001,-1.7182,0.6881,30.363318,37.383472,inf
674,674,6.74,211.7498,-1.9220400000000002,-0.090931,8.333571000000001,-1.7182,0.6881,29.661058,33.828613,inf
675,675,6.75,251.64238,-1.9220400000000002,-0.090931,8.333571000000001,-1.7182,0.6881,29.192884000000003,35.121289000000004,inf
676,676,6.76,92.07207,-4.41496,-1.297962,8.333571000000001,-1.7182,0.6881,29.192884000000003,32.535938,inf
677,677,6.77,171.85723,-1.9220400000000002,-1.297962,8.333571000000001,-1.7182,0.6881,27.554275,33.828613,inf
678,678,6.78,191.80352,-1.9220400000000002,-1.297962,8.333571000000001,-1.7182,0.6881,28.958796999999997,32.212769,inf
679,679,6.79,-77.47139,-1.9220400000000002,-1.297962,8.333571000000001,-1.7182,0.6881,28.256535999999997,34.474951000000004,
680,680,6.8,22.26006,-1.9220400000000002,-0.090931,8.333571000000001,-1.7182,0.6881,29.192884000000003,34.151782,inf
681,681,6.81,12.286909999999999,-1.9220400000000002,-1.297962,8.333571000000001,-1.7182,0.6881,28.958796999999997,32.535938,inf
682,682,6.82,151.91093999999998,-1.9220400000000002,-1.297962,8.333571000000001,-1.7182,0.6881,26.852015,34.151782,inf
683,683,6.83,112.01836,-1.9220400000000002,-1.297962,8.333571000000001,-1.7182,0.6881,28.724709999999998,34.798120000000004,inf
684,684,6.84,-117.36396,-1.9220400000000002,-1.297962,5.893508,-1.7182,0.6881,29.895145,33.505444,
685,685,6.85,12.286909999999999,-1.9220400000000002,-1.297962,8.333571000000001,-1.7182,0.6881,28.958796999999997,36.413965000000005,inf
686,686,6.86,-37.57881,-4.41496,-1.297962,8.333571000000001,-1.7182,0.6881,28.724709999999998,35.121289000000004,
687,687,6.87,141.93779,-1.9220400000000002,-1.297962,8.333571000000001,-1.7182,0.6881,29.661058,33.828613,inf
688,688,6.88,121.9915,-1.9220400000000002,-1.297962,8.333571000000001,-1.7182,0.6881,30.363318,35.767627000000005,inf
689,689,6.89,-57.5251,-4.41496,-1.297962,8.333571000000001,-1.7182,0.6881,29.661058,32.535938,
690,690,6.9,2.31377,-1.9220400000000002,-1.297962,8.333571000000001,-1.7182,0.6881,29.426971,34.474951000000004,inf
691,691,6.91,32.233200000000004,-1.9220400000000002,-1.297962,5.893508,-1.7182,0.6881,28.490623,33.505444,inf
692,692,6.92,181.83037,-1.9220400000000002,-1.297962,8.333571000000001,-1.7182,0.6881,28.724709999999998,35.444458000000004,inf
693,693,6.93,62.152640000000005,-1.9220400000000002,-0.090931,8.333571000000001,-1.7182,0.6881,26.617928000000003,38.676147,inf
694,694,6.94,-27.60566,-1.9220400000000002,-1.297962,8.333571000000001,-1.7182,0.6881,29.426971,34.151782,
695,695,6.95,-27.60566,-4.41496,-1.297962,8.333571000000001,-1.7182,0.6881,26.852015,34.798120000000004,
696,696,6.96,112.01836,-1.9220400000000002,-1.297962,8.333571000000001,-1.7182,0.6881,30.129231,35.121289000000004,inf
697,697,6.97,92.07207,-1.9220400000000002,-0.090931,8.333571000000001,-1.7182,0.6881,28.022448999999998,31.566431,inf
698,698,6.98,-37.57881,-1.9220400000000002,-0.090931,8.333571000000001,-1.7182,0.6881,27.788362,34.474951000000004,
699,699,6.99,-37.57881,-4.41496,-1.297962,8.333571000000001,-1.7182,0.6881,28.724709999999998,32.212769,
700,700,7.0,121.9915,-1.9220400000000002,-1.297962,8.333571000000001,-1.7182,-0.543809,30.363318,34.151782,inf
701,701,7.01,32.233200000000004,-1.9220400000000002,-1.297962,8.333571000000001,-1.7182,0.6881,30.831491999999997,36.737134000000005,inf
702,702,7.02,12.286909999999999,-1.9220400000000002,-1.297962,8.333571000000001,-1.7182,0.6881,26.617928000000003,33.505444,inf
703,703,7.03,-47.55195,-4.41496,-1.297962,8.333571000000001,-1.7182,0.6881,28.256535999999997,33.828613,
704,704,7.04,131.96465,-1.9220400000000002,-1.297962,5.893508,-1.7182,0.6881,30.129231,32.859106,inf
705,705,7.05,171.85723,-1.9220400000000002,-1.297962,8.333571000000001,-1.7182,0.6881,28.490623,34.474951000000004,inf
706,706,7.06,-107.39082000000002,-1.9220400000000002,-0.090931,8.333571000000001,-1.7182,0.6881,28.490623,36.737134000000005,
707,707,7.07,12.286909999999999,-1.9220400000000002,-1.297962,8.333571000000001,-1.7182,0.6881,28.958796999999997,35.767627000000005,inf
708,708,7.08,12.286909999999999,-4.41496,-1.297962,8.333571000000001,-1.7182,0.6881,28.724709999999998,35.767627000000005,inf
709,709,7.09,181.83037,-1.9220400000000002,-0.090931,8.333571000000001,-1.7182,0.6881,30.831491999999997,34.474951000000004,inf
710,710,7.1,-7.65937,-1.9220400000000002,-1.297962,8.333571000000001,-1.7182,0.6881,29.661058,34.798120000000004,
711,711,7.11,-17.63252,-1.9220400000000002,-0.090931,8.333571000000001,-1.7182,0.6881,26.149754,33.182275,
712,712,7.12,2.31377,-1.9220400000000002,-1.297962,8.333571000000001,-1.7182,0.6881,27.554275,35.444458000000004,inf
713,713,7.13,22.26006,-4.41496,-1.297962,8.333571000000001,-1.7182,0.6881,28.724709999999998,34.151782,inf
714,714,7.14,171.85723,-1.9220400000000002,-0.090931,8.333571000000001,-1.7182,0.6881,29.426971,32.212769,inf
715,715,7.15,62.152640000000005,-1.9220400000000002,-1.297962,8.333571000000001,-1.7182,0.6881,28.256535999999997,35.121289000000004,inf
716,716,7.16,-77.47139,-1.9220400000000002,-0.090931,8.333571000000001,-1.7182,0.6881,28.958796999999997,34.474951000000004,
717,717,7.17,22.26006,-1.9220400000000002,-0.090931,8.333571000000001,-1.7182,0.6881,28.490623,31.8896,inf
718,718,7.18,52.17949,-1.9220400000000002,-1.297962,8.333571000000001,-1.7182,0.6881,28.724709999999998,35.121289000000004,inf
719,719,7.19,201.77666000000002,-1.9220400000000002,-1.297962,8.333571000000001,-1.7182,0.6881,28.256535999999997,35.121289000000004,inf
720,720,7.2,-47.55195,-1.9220400000000002,-1.297962,8.333571000000001,-1.7182,0.6881,28.724709999999998,33.182275,
721,721,7.21,22.26006,-1.9220400000000002,-1.297962,8.333571000000001,-1.7182,0.6881,27.554275,35.444458000000004,inf
722,722,7.22,-47.55195,-1.9220400000000002,-0.090931,8.333571000000001,-1.7182,0.6881,29.192884000000003,36.737134000000005,
723,723,7.23,131.96465,-1.9220400000000002,-1.297962,8.333571000000001,-1.7182,0.6881,28.724709999999998,34.798120000000004,inf
724,724,7.24,131.96465,-1.9220400000000002,-1.297962,8.333571000000001,-1.7182,0.6881,29.661058,33.505444,inf
725,725,7.25,-107.39082000000002,-1.9220400000000002,-1.297962,5.893508,-1.7182,0.6881,28.958796999999997,35.444458000000004,
726,726,7.26,32.233200000000004,-1.9220400000000002,-1.297962,8.333571000000001,-1.7182,0.6881,28.724709999999998,33.828613,inf
727,727,7.27,-57.5251,-4.41496,-1.297962,8.333571000000001,-1.7182,0.6881,29.192884000000003,34.474951000000004,
728,728,7.28,102.04521000000001,-1.9220400000000002,-1.297962,5.893508,-1.7182,0.6881,28.490623,33.505444,inf
729,729,7.29,161.88407999999998,-1.9220400000000002,-1.297962,8.333571000000001,-1.7182,0.6881,29.192884000000003,36.090796000000005,inf
730,730,7.3,-97.41767999999999,-1.9220400000000002,-1.297962,8.333571000000001,-0.59967,0.6881,28.724709999999998,37.060303000000005,
731,731,7.31,42.20635,-4.41496,-1.297962,8.333571000000001,-1.7182,0.6881,30.129231,33.182275,inf
732,732,7.32,-47.55195,-4.41496,-1.297962,8.333571000000001,-1.7182,0.6881,27.554275,37.060303000000005,
733,733,7.33,121.9915,-1.9220400000000002,-1.297962,8.333571000000001,-1.7182,0.6881,28.256535999999997,35.767627000000005,inf
734,734,7.34,161.88407999999998,-1.9220400000000002,-0.090931,8.333571000000001,-1.7182,0.6881,27.554275,36.737134000000005,inf
735,735,7.35,-117.36396,-1.9220400000000002,-1.297962,8.333571000000001,-1.7182,0.6881,27.788362,35.444458000000004,
736,736,7.36,62.152640000000005,-1.9220400000000002,-1.297962,8.333571000000001,-1.7182,0.6881,29.192884000000003,32.859106,inf
737,737,7.37,-17.63252,-1.9220400000000002,-1.297962,8.333571000000001,-1.7182,0.6881,28.022448999999998,35.767627000000005,
738,738,7.38,151.91093999999998,-1.9220400000000002,-1.297962,8.333571000000001,-1.7182,0.6881,27.788362,32.859106,inf
739,739,7.39,62.152640000000005,-1.9220400000000002,-1.297962,8.333571000000001,-1.7182,0.6881,28.022448999999998,34.474951000000004,inf
740,740,7.4,-7.65937,-1.9220400000000002,-1.297962,8.333571000000001,-1.7182,0.6881,28.958796999999997,33.828613,
741,741,7.41,-57.5251,-1.9220400000000002,-1.297962,8.333571000000001,-1.7182,0.6881,28.724709999999998,31.243261999999998,
742,742,7.42,112.01836,-1.9220400000000002,-1.297962,8.333571000000001,-1.7182,0.6881,28.256535999999997,32.535938,inf
743,743,7.43,151.91093999999998,-1.9220400000000002,-0.090931,8.333571000000001,-1.7182,0.6881,28.490623,32.859106,inf
744,744,7.44,-107.39082000000002,-4.41496,-1.297962,8.333571000000001,-1.7182,0.6881,27.554275,34.798120000000004,
745,745,7.45,32.233200000000004,-1.9220400000000002,-1.297962,8.333571000000001,-1.7182,0.6881,29.426971,36.090796000000005,inf
746,746,7.46,-47.55195,-4.41496,-1.297962,8.333571000000001,-1.7182,0.6881,28.022448999999998,33.182275,
747,747,7.47,131.96465,-1.9220400000000002,-1.297962,8.333571000000001,-1.7182,0.6881,29.426971,32.859106,inf
748,748,7.48,72.12577999999999,-1.9220400000000002,-1.297962,8.333571000000001,-1.7182,0.6881,28.256535999999997,35.767627000000005,inf
749,749,7.49,-57.5251,-1.9220400000000002,-0.090931,8.333571000000001,-1.7182,0.6881,28.256535999999997,35.444458000000004,
750,750,7.5,22.26006,-4.41496,-1.297962,8.333571000000001,-1.7182,0.6881,29.192884000000003,35.121289000000004,inf
